{
  "backend": "sklearn.GradientBoostingClassifier",
  "n_total": 679,
  "n_train": 407,
  "n_calib": 136,
  "n_test": 136,
  "n_benign": 397,
  "n_malicious": 282,
  "n_features": 16,
  "features": [
    "cap_credential_or_env_access",
    "cap_dynamic_code_execution",
    "cap_filesystem_sensitive_access",
    "cap_lifecycle_script",
    "cap_native_or_wasm",
    "cap_network_access",
    "cap_obfuscation",
    "cap_process_execution",
    "capability_delta_count",
    "entropy",
    "file_count",
    "has_install_script",
    "lifecycle_hook_count",
    "pj_dep_count",
    "pj_dev_dep_count",
    "pj_has_install_script"
  ],
  "auroc": 0.9832589285714285,
  "pr_auc": 0.9862849465152261,
  "brier": 0.03049875647567195,
  "ece": 0.02635445706509904,
  "op_threshold_0.5": {
    "threshold": 0.5,
    "tp": 52,
    "fp": 1,
    "fn": 4,
    "tn": 79,
    "precision": 0.9811320754716981,
    "recall": 0.9285714285714286,
    "fpr": 0.0125
  },
  "op_high_precision": {
    "threshold": 0.5,
    "tp": 52,
    "fp": 1,
    "fn": 4,
    "tn": 79,
    "precision": 0.9811320754716981,
    "recall": 0.9285714285714286,
    "fpr": 0.0125
  },
  "conformal_90": {
    "alpha": 0.1,
    "target_coverage": 0.9,
    "empirical_coverage": 0.9632352941176471,
    "avg_set_size": 1.0,
    "q_hat": 0.4647281682178892,
    "n_cal": 136
  },
  "top_features": [
    [
      "file_count",
      0.788509959867886
    ],
    [
      "entropy",
      0.09210145191453532
    ],
    [
      "pj_dev_dep_count",
      0.04593285741299468
    ],
    [
      "pj_dep_count",
      0.027581464636849004
    ],
    [
      "cap_process_execution",
      0.014256139786753417
    ],
    [
      "capability_delta_count",
      0.010984624542607947
    ],
    [
      "cap_native_or_wasm",
      0.007236249476113378
    ],
    [
      "pj_has_install_script",
      0.0033972615506650916
    ],
    [
      "cap_dynamic_code_execution",
      0.0029260503974580473
    ],
    [
      "cap_obfuscation",
      0.0022807563136970797
    ],
    [
      "cap_filesystem_sensitive_access",
      0.0019018347522196833
    ],
    [
      "cap_lifecycle_script",
      0.001779874108439415
    ]
  ]
}